Name,Rating,Reviews,Category,Address,Website,Phone,Url
"Greenbrier Dental Excellence","4.8","237","Dental clinic","2524 US-41, Greenbrier, TN 37073, United States","http://www.greenbrierdentalexcellence.com/","+1 615-643-0038","https://www.google.com/maps/place/Greenbrier+Dental+Excellence/data=!4m7!3m6!1s0x886450dccd17b627:0x1b9efab202ae8ee8!8m2!3d36.426464!4d-86.8051147!16s%2Fg%2F1tg5vstw!19sChIJJ7YXzdxQZIgR6I6uArL6nhs?authuser=0&hl=en&rclk=1"
"Cumberland Pediatric Dentistry & Orthodontics of White House","4.8","753","Pediatric dentist","520 TN-76 #9, White House, TN 37188, United States","https://cpdowhitehouse.com/?utm_source=ExtNet&utm_medium=organic&utm_campaign=Yext","+1 615-672-7221","https://www.google.com/maps/place/Cumberland+Pediatric+Dentistry+%26+Orthodontics+of+White+House/data=!4m7!3m6!1s0x88644eaec8c9eaf7:0x9a827f4d48ca00b0!8m2!3d36.4704447!4d-86.667146!16s%2Fg%2F1hhgt0xkf!19sChIJ9-rJyK5OZIgRsADKSE1_gpo?authuser=0&hl=en&rclk=1"
"East Nashville Family Dentistry","4.5","219","Dentist","1214 Gallatin Ave Suite 115, Nashville, TN 37206, United States","https://enfdentistry.com/","+1 615-610-1680","https://www.google.com/maps/place/East+Nashville+Family+Dentistry/data=!4m7!3m6!1s0x886467202ee860ad:0xe604ffb3e6d875a4!8m2!3d36.1916961!4d-86.7453231!16s%2Fg%2F11hdr97zyd!19sChIJrWDoLiBnZIgRpHXY5rP_BOY?authuser=0&hl=en&rclk=1"
"Hendersonville Family Dentistry LLC","4.9","1,919","Dentist","230 New Shackle Island Rd STE 170, Hendersonville, TN 37075, United States","https://www.hendersonvillefamilydentistry.com/","+1 615-822-8262","https://www.google.com/maps/place/Hendersonville+Family+Dentistry+LLC/data=!4m7!3m6!1s0x886446decc4e2521:0x537d08fc2abbf368!8m2!3d36.3191133!4d-86.6235315!16s%2Fg%2F1tls3ksj!19sChIJISVOzN5GZIgRaPO7KvwIfVM?authuser=0&hl=en&rclk=1"
"Dentistry of Nashville","4.9","856","Dentist","2125 Blakemore Ave, Nashville, TN 37212, United States","https://dentistryofnashville.com/","+1 615-383-3690","https://www.google.com/maps/place/Dentistry+of+Nashville/data=!4m7!3m6!1s0x886466a1dd900c65:0x7250f245391794d6!8m2!3d36.137544!4d-86.803203!16s%2Fg%2F1hc0ybk2x!19sChIJZQyQ3aFmZIgR1pQXOUXyUHI?authuser=0&hl=en&rclk=1"
"Nashville Dental Center","4.5","589","Dentist","3754 Nolensville Pk, Nashville, TN 37211, United States","https://www.nashvilledc.net/","+1 615-331-2483","https://www.google.com/maps/place/Nashville+Dental+Center/data=!4m7!3m6!1s0x88646f78468fffff:0x44356d99786593b4!8m2!3d36.0903551!4d-86.7331503!16s%2Fg%2F1tjwjg_4!19sChIJ__-PRnhvZIgRtJNleJltNUQ?authuser=0&hl=en&rclk=1"
"Tennessee Family Dental (Brentwood)","4.7","530","Dentist","6716 Nolensville Pk #120, Brentwood, TN 37027, United States","https://tnfamilydental.com/locations/brentwood/","+1 615-331-5977","https://www.google.com/maps/place/Tennessee+Family+Dental+%28Brentwood%29/data=!4m7!3m6!1s0x88647aaa02e4094d:0x581c4303cc2c0c6d!8m2!3d35.998201!4d-86.6895628!16s%2Fg%2F11r9536q3!19sChIJTQnkAqp6ZIgRbQwszANDHFg?authuser=0&hl=en&rclk=1"
"Indian Lake Family Dental","4.9","913","Dentist","299A Indian Lake Blvd, Hendersonville, TN 37075, United States","http://indianlakefamilydental.com/","+1 615-824-2926","https://www.google.com/maps/place/Indian+Lake+Family+Dental/data=!4m7!3m6!1s0x886440b69ce73995:0x3d7665ac50dbb54f!8m2!3d36.3292045!4d-86.5943679!16s%2Fg%2F1td48qbh!19sChIJlTnnnLZAZIgRT7XbUKxldj0?authuser=0&hl=en&rclk=1"
"Goodlettsville Smiles","5.0","742","Dentist","3050 Business Park Cir #100, Goodlettsville, TN 37072, United States","https://www.goodlettsvillesmiles.com/","+1 615-859-0188","https://www.google.com/maps/place/Goodlettsville+Smiles/data=!4m7!3m6!1s0x8864450672638f97:0x820c36013ab8353f!8m2!3d36.3323175!4d-86.7031236!16s%2Fg%2F11gk_mg2yx!19sChIJl49jcgZFZIgRPzW4OgE2DII?authuser=0&hl=en&rclk=1"
"West Meade Dental","4.8","407","Dentist","6606 Charlotte Pike #102, Nashville, TN 37209, United States","http://westmeadedental.com/","+1 615-861-2241","https://www.google.com/maps/place/West+Meade+Dental/data=!4m7!3m6!1s0x8864618b258ce91d:0xdbabab4ad64ed733!8m2!3d36.1388314!4d-86.8817102!16s%2Fg%2F1jkw3415t!19sChIJHemMJYthZIgRM9dO1kqrq9s?authuser=0&hl=en&rclk=1"
"Downtown Dental","4.8","368","Dentist","101 Union St N, Nashville, TN 37201, United States","http://www.downtowndentalnashville.com/","+1 615-254-1393","https://www.google.com/maps/place/Downtown+Dental/data=!4m7!3m6!1s0x8864665750ecf543:0xe226ce94555597c1!8m2!3d36.166097!4d-86.777065!16s%2Fg%2F1tfpkk5c!19sChIJQ_XsUFdmZIgRwZdVVZTOJuI?authuser=0&hl=en&rclk=1"
"Iroquois Family Dentistry","5.0","824","Dentist","5115 Harding Pike Ste 101, Nashville, TN 37205, United States","https://www.ifdnashville.com/","+1 615-298-2040","https://www.google.com/maps/place/Iroquois+Family+Dentistry/data=!4m7!3m6!1s0x886463dcdd493741:0xb1d7f062053187a6!8m2!3d36.1043153!4d-86.8687329!16s%2Fg%2F11f9j8gbkj!19sChIJQTdJ3dxjZIgRpocxBWLw17E?authuser=0&hl=en&rclk=1"
"Belle Meade Family Dentistry","4.9","733","Dentist","104 Kenner Ave #101, Nashville, TN 37205, United States","https://www.bellemeadedental.com/","+1 615-298-2030","https://www.google.com/maps/place/Belle+Meade+Family+Dentistry/data=!4m7!3m6!1s0x886463dcc2b37c7d:0x980ef83f63fbf233!8m2!3d36.1252403!4d-86.8453369!16s%2Fg%2F1td2653q!19sChIJfXyzwtxjZIgRM_L7Yz_4Dpg?authuser=0&hl=en&rclk=1"
"Green Hills Family Dentistry","4.9","807","Dentist","4301 Hillsboro Pike Suite 315, Nashville, TN 37215, United States","http://greenhillsfamilydentistry.com/","+1 615-383-6066","https://www.google.com/maps/place/Green+Hills+Family+Dentistry/data=!4m7!3m6!1s0x8864638781788f67:0xdf0936f668ccbda0!8m2!3d36.099132!4d-86.822347!16s%2Fg%2F1tdy55xf!19sChIJZ494gYdjZIgRoL3MaPY2Cd8?authuser=0&hl=en&rclk=1"
"Mt. Juliet Family & Cosmetic Dentistry","5.0","624","Dentist","40 W Caldwell St, Mt. Juliet, TN 37122, United States","https://www.dentistmtjuliettn.com/","+1 615-754-5840","https://www.google.com/maps/place/Mt.+Juliet+Family+%26+Cosmetic+Dentistry/data=!4m7!3m6!1s0x8864158ef6136d8d:0x8acec2066f42875b!8m2!3d36.2029691!4d-86.5188345!16s%2Fg%2F1tdfzgbb!19sChIJjW0T9o4VZIgRW4dCbwbCzoo?authuser=0&hl=en&rclk=1"
"Hermitage Family & Cosmetic Dentistry","4.9","143","Dentist","260 Jackson Meadows Dr #1425, Hermitage, TN 37076, United States","https://hermitagefamilycosmetic.com/","+1 615-872-7762","https://www.google.com/maps/place/Hermitage+Family+%26+Cosmetic+Dentistry/data=!4m7!3m6!1s0x8864401f5f94a963:0xe05f0c1184fa56e!8m2!3d36.2191738!4d-86.6004333!16s%2Fg%2F1w0p6c9p!19sChIJY6mUXx9AZIgRbqVPGMHwBQ4?authuser=0&hl=en&rclk=1"
"Cornerstone Family Dentistry","4.9","201","Dentist","404 Welshwood Dr STE A, Nashville, TN 37211, United States","http://www.cornerstoneoralhealthcare.com/","+1 615-333-3382","https://www.google.com/maps/place/Cornerstone+Family+Dentistry/data=!4m7!3m6!1s0x88646f9b8bce3231:0x65d97a9fee9d9162!8m2!3d36.0826714!4d-86.7281089!16s%2Fg%2F1vvr6ys0!19sChIJMTLOi5tvZIgRYpGd7p962WU?authuser=0&hl=en&rclk=1"
"East Nashville Aesthetic Dentistry","4.6","204","Dentist","815 Gallatin Ave, Nashville, TN 37206, United States","http://www.eastnashvilledentistry.com/","+1 615-208-4447","https://www.google.com/maps/place/East+Nashville+Aesthetic+Dentistry/data=!4m7!3m6!1s0x886467103cbe0c77:0x33da291ea0bd605d!8m2!3d36.1864295!4d-86.7470114!16s%2Fg%2F11f7b5fwtj!19sChIJdwy-PBBnZIgRXWC9oB4p2jM?authuser=0&hl=en&rclk=1"
"Hermitage Modern Dentistry","4.9","276","Dentist","4730 Lebanon Pike Ste 101, Hermitage, TN 37076, United States","https://www.hermitagemoderndentistry.com/?sc_cid=GBP%3AO%3AGP%3A857%3AOrganic_Search%3AGeneral%3Ana&_vsrefdom=organic_gbp&y_source=1_MTU1NzEwNTYtNzE1LWxvY2F0aW9uLndlYnNpdGU%3D","+1 615-219-5722","https://www.google.com/maps/place/Hermitage+Modern+Dentistry/data=!4m7!3m6!1s0x886441de4cc96267:0xbbebb7611bbffa1d!8m2!3d36.2153376!4d-86.5916585!16s%2Fg%2F11nmt7phr3!19sChIJZ2LJTN5BZIgRHfq_G2G367s?authuser=0&hl=en&rclk=1"
"Gallatin Smiles Dentistry","4.5","184","Dentist","923 Nashville Pike STE A, Gallatin, TN 37066, United States","https://www.gallatinsmilesdentistry.com/?sc_cid=GBP%3AO%3AGP%3A849%3AOrganic_Search%3AGeneral%3Ana&_vsrefdom=organic_gbp&y_source=1_MzQ3NzQ5My03MTUtbG9jYXRpb24ud2Vic2l0ZQ%3D%3D","+1 615-241-8022","https://www.google.com/maps/place/Gallatin+Smiles+Dentistry/data=!4m7!3m6!1s0x88643a7083185e43:0xb4a7c99e6cd2c9b6!8m2!3d36.3768295!4d-86.4697469!16s%2Fg%2F11cp7jls51!19sChIJQ14Yg3A6ZIgRtsnSbJ7Jp7Q?authuser=0&hl=en&rclk=1"
"Hendersonville Smiles Dentistry","4.4","234","Dentist","1002 Glenbrook Way #200, Hendersonville, TN 37075, United States","https://www.hendersonvillesmilesdentistry.com/?sc_cid=GBP%3AO%3AGP%3A854%3AOrganic_Search%3AGeneral%3Ana&_vsrefdom=organic_gbp&y_source=1_ODQ1ODI2Ni03MTUtbG9jYXRpb24ud2Vic2l0ZQ%3D%3D","+1 615-280-8027","https://www.google.com/maps/place/Hendersonville+Smiles+Dentistry/data=!4m7!3m6!1s0x886446e2a21b05ab:0x96785116f3e7fa3a!8m2!3d36.3339342!4d-86.6187363!16s%2Fg%2F11fzf6hykl!19sChIJqwUbouJGZIgROvrn8xZReJY?authuser=0&hl=en&rclk=1"
"Mt Juliet Dental Group","4.0","189","Dentist","4155 N Mt Juliet Rd, Mt. Juliet, TN 37122, United States","https://www.mtjulietdentalgroup.com/?sc_cid=GBP%3AO%3AGP%3A845%3AOrganic_Search%3AGeneral%3Ana&_vsrefdom=organic_gbp&y_source=1_NTg4ODM0Ny03MTUtbG9jYXRpb24ud2Vic2l0ZQ%3D%3D","+1 615-241-8023","https://www.google.com/maps/place/Mt+Juliet+Dental+Group/data=!4m7!3m6!1s0x88643e13dc7743c9:0xfbc78bc28965b896!8m2!3d36.2291443!4d-86.5132534!16s%2Fg%2F11g7_fp8lb!19sChIJyUN33BM-ZIgRlrhlicKLx_s?authuser=0&hl=en&rclk=1"
"Smiles Up Dentistry","4.9","351","Dentist","1916 Patterson St Suite 712, Nashville, TN 37203, United States","http://nashvillesmilesup.com/","+1 615-678-8965","https://www.google.com/maps/place/Smiles+Up+Dentistry/data=!4m7!3m6!1s0x886467b0f1c56357:0x2f4b69ac87b478ed!8m2!3d36.1558065!4d-86.8018296!16s%2Fg%2F11k77bgqjf!19sChIJV2PF8bBnZIgR7Xi0h6xpSy8?authuser=0&hl=en&rclk=1"
"Music City Dental","4.9","456","Dentist","808 Kirkwood Ave, Nashville, TN 37204, United States","https://www.musiccitydental.com/","+1 615-953-2469","https://www.google.com/maps/place/Music+City+Dental/data=!4m7!3m6!1s0x886465d142fe8c85:0xb87622e4690fd8e2!8m2!3d36.1215284!4d-86.7765328!16s%2Fg%2F12hp45wpr!19sChIJhYz-QtFlZIgR4tgPaeQidrg?authuser=0&hl=en&rclk=1"
"Nolensville Family Dentistry","4.9","138","Dentist","7171 Nolensville Rd #102, Nolensville, TN 37135, United States","","+1 615-891-4223","https://www.google.com/maps/place/Nolensville+Family+Dentistry/data=!4m7!3m6!1s0x88647146240ee011:0xa68b19fa65e0a22b!8m2!3d35.9679572!4d-86.6778756!16s%2Fg%2F11bwnd3t5l!19sChIJEeAOJEZxZIgRK6LgZfoZi6Y?authuser=0&hl=en&rclk=1"
"Cane Ridge Dentist","4.7","1,232","Dentist","1315 Bell Rd, Antioch, TN 37013, United States","http://caneridgedentist.com/","+1 615-717-0507","https://www.google.com/maps/place/Cane+Ridge+Dentist/data=!4m7!3m6!1s0x88646e1c22593893:0x3b7d2f7f660e61a8!8m2!3d36.046664!4d-86.676189!16s%2Fg%2F1tftg11c!19sChIJkzhZIhxuZIgRqGEOZn8vfTs?authuser=0&hl=en&rclk=1"
"Greenwood Local Dentistry and Orthodontics","4.9","246","Dentist","1112 Gallatin Ave, Nashville, TN 37206, United States","https://greenwoodlocal.com/","+1 615-761-9015","https://www.google.com/maps/place/Greenwood+Local+Dentistry+and+Orthodontics/data=!4m7!3m6!1s0x886467792077f8ef:0xa36d2cf7aec39fb5!8m2!3d36.1903192!4d-86.7458028!16s%2Fg%2F11s1v3nspb!19sChIJ7_h3IHlnZIgRtZ_DrvcsbaM?authuser=0&hl=en&rclk=1"
"Cool Springs Family Dentistry, PLLC","5.0","149","Dentist","8113 Moores Ln Suite 2100, Brentwood, TN 37027, United States","http://www.coolspringsdentistry.com/","+1 615-942-7811","https://www.google.com/maps/place/Cool+Springs+Family+Dentistry,+PLLC/data=!4m7!3m6!1s0x88647bdde17e191f:0xf6b37c49604367ad!8m2!3d35.965267!4d-86.801285!16s%2Fg%2F1tl0y23r!19sChIJHxl-4d17ZIgRrWdDYEl8s_Y?authuser=0&hl=en&rclk=1"
"Lenox Village Dentistry","4.9","214","Dentist","6905 Lenox Village Dr, Nashville, TN 37211, United States","http://www.lenoxvillagedentistry.com/","+1 615-832-2095","https://www.google.com/maps/place/Lenox+Village+Dentistry/data=!4m7!3m6!1s0x88647039c806f055:0x5af5916fcb60b938!8m2!3d36.0261815!4d-86.7126479!16s%2Fg%2F1tp27_y8!19sChIJVfAGyDlwZIgROLlgy2-R9Vo?authuser=0&hl=en&rclk=1"
"Lignum Dental","4.9","248","Dentist","5295 Murfreesboro Rd, La Vergne, TN 37086, United States","https://www.lignumdental.com/","+1 615-930-0380","https://www.google.com/maps/place/Lignum+Dental/data=!4m7!3m6!1s0x88640d1303174645:0x3a39be1d6e81f141!8m2!3d36.0178985!4d-86.565361!16s%2Fg%2F11qq6bkz0v!19sChIJRUYXAxMNZIgRQfGBbh2-OTo?authuser=0&hl=en&rclk=1"
"21st Century Dentistry","5.0","265","Dentist","2300 21st Ave S #102, Nashville, TN 37212, United States","https://21dentistry.com/?utm_source=google&utm_medium=organic&utm_campaign=gmb+website+button","+1 615-383-4747","https://www.google.com/maps/place/21st+Century+Dentistry/data=!4m7!3m6!1s0x8864641f4fab18cb:0xa66941d77c362235!8m2!3d36.1288808!4d-86.8024164!16s%2Fg%2F1tfn3gtq!19sChIJyxirTx9kZIgRNSI2fNdBaaY?authuser=0&hl=en&rclk=1"
"Embassy Dental (Nashville)","4.4","398","Dental clinic","1921 21st Ave S, Nashville, TN 37212, United States","https://embassydental.com/locations/hillsboro/","+1 615-383-0670","https://www.google.com/maps/place/Embassy+Dental+%28Nashville%29/data=!4m7!3m6!1s0x8864669ffa735c8d:0x1ccb3929eab88e85!8m2!3d36.1343802!4d-86.8015401!16s%2Fg%2F1tfc2rqr!19sChIJjVxz-p9mZIgRhY646ik5yxw?authuser=0&hl=en&rclk=1"
"Inglewood Family Dentistry","4.9","107","Dentist","4311 Gallatin Pike, Nashville, TN 37216, United States","https://inglewoodfamilydentistry.com/","+1 615-228-9066","https://www.google.com/maps/place/Inglewood+Family+Dentistry/data=!4m7!3m6!1s0x886442a37480b723:0xef48b904ff76852f!8m2!3d36.2270943!4d-86.7258841!16s%2Fg%2F1vj5_ypv!19sChIJI7eAdKNCZIgRL4V2_wS5SO8?authuser=0&hl=en&rclk=1"
"Family & Cosmetic Dentistry Of Smyrna","4.9","299","Dentist","780 Nissan Dr, Smyrna, TN 37167, United States","https://www.smyrnasmiles.com/","+1 615-355-1062","https://www.google.com/maps/place/Family+%26+Cosmetic+Dentistry+Of+Smyrna/data=!4m7!3m6!1s0x88640e98eef654ab:0xd44bd5825baf4d60!8m2!3d35.9748594!4d-86.4930721!16s%2Fg%2F1tkc2vfl!19sChIJq1T27pgOZIgRYE2vW4LVS9Q?authuser=0&hl=en&rclk=1"
"Sylvan Park Smiles Dentistry","4.2","113","Dentist","4502 Charlotte Pike, Nashville, TN 37209, United States","https://www.sylvanparksmilesdentistry.com/?sc_cid=GBP%3AO%3AGP%3A863%3AOrganic_Search%3AGeneral%3Ana&_vsrefdom=organic_gbp&y_source=1_MTM1NDU1ODMtNzE1LWxvY2F0aW9uLndlYnNpdGU%3D","+1 615-647-8421","https://www.google.com/maps/place/Sylvan+Park+Smiles+Dentistry/data=!4m7!3m6!1s0x8864616b91d7b597:0xa44691ec6da391f!8m2!3d36.152367!4d-86.8413335!16s%2Fg%2F11h7rr56wm!19sChIJl7XXkWthZIgRHznaxh5pRAo?authuser=0&hl=en&rclk=1"
"East Side Smiles","4.9","312","Dentist","7 N 10th St, Nashville, TN 37206, United States","https://www.eastsidesmiles.net/","+1 615-227-2400","https://www.google.com/maps/place/East+Side+Smiles/data=!4m7!3m6!1s0x886467d27f899753:0x819301f4c8fbf39c!8m2!3d36.1786291!4d-86.7516534!16s%2Fg%2F1tc_4v3c!19sChIJU5eJf9JnZIgRnPP7yPQBk4E?authuser=0&hl=en&rclk=1"
"Nashville Family Dentistry","4.8","273","Dental clinic","5802 Nolensville Pk, Nashville, TN 37211, United States","https://familydentistrynashville.com/","+1 615-832-5899","https://www.google.com/maps/place/Nashville+Family+Dentistry/data=!4m7!3m6!1s0x88647027f5c287fb:0x8c6f76f542387fd3!8m2!3d36.044314!4d-86.7124118!16s%2Fg%2F1tdd1f51!19sChIJ-4fC9SdwZIgR0384QvV2b4w?authuser=0&hl=en&rclk=1"
"Brentwood Dentist - Wesley Dentistry","5.0","164","Dentist","761 Old Hickory Blvd #100, Brentwood, TN 37027, United States","https://www.wesleydentistry.com/brentwood-office/","+1 615-377-0111","https://www.google.com/maps/place/Brentwood+Dentist+-+Wesley+Dentistry/data=!4m7!3m6!1s0x88647ad3fdaa95c3:0x32dd996eb520d3e0!8m2!3d36.040677!4d-86.776594!16s%2Fg%2F1td1qmd2!19sChIJw5Wq_dN6ZIgR4NMgtW6Z3TI?authuser=0&hl=en&rclk=1"
"Mt. Juliet Modern Dentistry","4.8","75","Dentist","600 S Mt Juliet Rd Ste #3, Mt. Juliet, TN 37122, United States","https://www.mtjulietmoderndentistry.com/?sc_cid=GBP%3AO%3AGP%3A1033%3AOrganic_Search%3AGeneral%3Ana&_vsrefdom=organic_gbp&y_source=1_MzA5ODg2MzEtNzE1LWxvY2F0aW9uLndlYnNpdGU%3D","+1 615-716-1653","https://www.google.com/maps/place/Mt.+Juliet+Modern+Dentistry/data=!4m7!3m6!1s0x886415eccf6419b1:0x820aea0286895dbc!8m2!3d36.1634212!4d-86.5156114!16s%2Fg%2F11t9nr_cy3!19sChIJsRlkz-wVZIgRvF2JhgLqCoI?authuser=0&hl=en&rclk=1"
"Hermitage Cosmetic and Implant Dentistry","5.0","1,222","Dentist","4251 Lebanon Pike, Hermitage, TN 37076, United States","https://www.hcidentistry.com/","+1 615-889-5545","https://www.google.com/maps/place/Hermitage+Cosmetic+and+Implant+Dentistry/data=!4m7!3m6!1s0x88646a8f5dcf7497:0xf93d3e0a761e3b10!8m2!3d36.2042373!4d-86.6146311!16s%2Fg%2F1w97w393!19sChIJl3TPXY9qZIgREDsedgo-Pfk?authuser=0&hl=en&rclk=1"
"South Grove Family Dentistry","4.9","404","Dentist","6688 Nolensville Pk #104, Brentwood, TN 37027, United States","https://www.southgrovedental.com/?utm_source=google.com&utm_medium=business+profile&utm_campaign=","+1 615-645-0463","https://www.google.com/maps/place/South+Grove+Family+Dentistry/data=!4m7!3m6!1s0x886471a81ef5f9d3:0x3b418b0897f9bc50!8m2!3d36.0005459!4d-86.6923972!16s%2Fg%2F11b6njmb0p!19sChIJ0_n1HqhxZIgRULz5lwiLQTs?authuser=0&hl=en&rclk=1"
"Thompson Lane Cosmetic and Family Dentistry","3.3","13","Dentist","197 Thompson Ln Suite E, Nashville, TN 37211, United States","","+1 615-837-4525","https://www.google.com/maps/place/Thompson+Lane+Cosmetic+and+Family+Dentistry/data=!4m7!3m6!1s0x88646f60742809b7:0xe86af5ae93c444b0!8m2!3d36.1101204!4d-86.7400513!16s%2Fg%2F1v8y4rzp!19sChIJtwkodGBvZIgRsETEk671aug?authuser=0&hl=en&rclk=1"
"MidTN Dentistry","4.7","227","Dentist","741 President Pl STE 120, Smyrna, TN 37167, United States","https://mymidtndentistry.com/","+1 615-220-6990","https://www.google.com/maps/place/MidTN+Dentistry/data=!4m7!3m6!1s0x88640cea7d985e0b:0x872ae8dabcd2eb57!8m2!3d35.9776697!4d-86.5598211!16s%2Fg%2F1tgfxc46!19sChIJC16YfeoMZIgRV-vSvNroKoc?authuser=0&hl=en&rclk=1"
"Tabor Dental Associates","5.0","599","Dentist","107 Maple Row Blvd, Hendersonville, TN 37075, United States","https://smilesthatrock.com/?utm_source=hendersonville-tn-listing&utm_medium=gmb&utm_campaign=seo&utm_content=website-link","+1 615-822-3200","https://www.google.com/maps/place/Tabor+Dental+Associates/data=!4m7!3m6!1s0x88644749db4f799d:0xcccef39575b3dc12!8m2!3d36.3087921!4d-86.6000948!16s%2Fg%2F1tg_xtvl!19sChIJnXlP20lHZIgREtyzdZXzzsw?authuser=0&hl=en&rclk=1"
"Brite Smilez Cosmetic & Family Dentistry","4.5","248","Dentist","5245 Hickory Hollow Pkwy, Antioch, TN 37013, United States","https://www.britesmilezdental.com/","+1 615-866-9109","https://www.google.com/maps/place/Brite+Smilez+Cosmetic+%26+Family+Dentistry/data=!4m7!3m6!1s0x88646e41dc759efd:0xed3893c4a5fd39ad!8m2!3d36.0475899!4d-86.6575492!16s%2Fg%2F1tklr8sn!19sChIJ_Z513EFuZIgRrTn9pcSTOO0?authuser=0&hl=en&rclk=1"
"Radiant Smiles Dentistry","5.0","302","Dentist","103 Cude Ln, Madison, TN 37115, United States","https://www.radiantsmilesoftn.com/","+1 615-851-7999","https://www.google.com/maps/place/Radiant+Smiles+Dentistry/data=!4m7!3m6!1s0x8864438420e9a435:0x32ead3736d7dbfab!8m2!3d36.2987245!4d-86.6949346!16s%2Fg%2F1tjt2nzd!19sChIJNaTpIIRDZIgRq799bXPT6jI?authuser=0&hl=en&rclk=1"
"West Nashville Smiles Dentistry","4.5","26","Dentist","6700 Charlotte Pike Ste #103, Nashville, TN 37209, United States","https://www.westnashvillesmilesdentistry.com/?sc_cid=GBP%3AO%3AGP%3A935%3AOrganic_Search%3AGeneral%3Ana&_vsrefdom=organic_gbp&y_source=1_MzQ3OTcxODktNzE1LWxvY2F0aW9uLndlYnNpdGU%3D","+1 615-617-5420","https://www.google.com/maps/place/West+Nashville+Smiles+Dentistry/data=!4m7!3m6!1s0x886461ecee492f29:0xfdce563af3fdea9!8m2!3d36.1369714!4d-86.8839574!16s%2Fg%2F11k9ryvzjk!19sChIJKS9J7uxhZIgRqd4_r2Pl3A8?authuser=0&hl=en&rclk=1"
"Brentwood Aesthetic & Family Dentists","5.0","252","Cosmetic dentist","5123 Virginia Way Suite B-12, Brentwood, TN 37027, United States","https://www.brentwoodfamilydentists.com/","+1 615-221-8837","https://www.google.com/maps/place/Brentwood+Aesthetic+%26+Family+Dentists/data=!4m7!3m6!1s0x88647beeb9ca7b7f:0xfa46c21cbf9a1366!8m2!3d36.0317716!4d-86.8036646!16s%2Fg%2F11dxqdl7nk!19sChIJf3vKue57ZIgRZhOavxzCRvo?authuser=0&hl=en&rclk=1"
"Sumner Dental Group - Dentist Gallatin","4.9","765","Dentist","200 S Westland Ave #1, Gallatin, TN 37066, United States","https://sumnerdentalgroup.com/","+1 615-257-3133","https://www.google.com/maps/place/Sumner+Dental+Group+-+Dentist+Gallatin/data=!4m7!3m6!1s0x8864300be5f1718b:0x4f52cd7b422b4834!8m2!3d36.3896074!4d-86.4374012!16s%2Fg%2F1tcw4b_1!19sChIJi3Hx5QswZIgRNEgrQnvNUk8?authuser=0&hl=en&rclk=1"
"Devine Dentistry","5.0","380","Cosmetic dentist","4219 Hillsboro Pike # 105, Nashville, TN 37215, United States","http://devinedentistry.com/","+1 615-269-4209","https://www.google.com/maps/place/Devine+Dentistry/data=!4m7!3m6!1s0x886464784aa20eab:0x210c86353537740c!8m2!3d36.100239!4d-86.820191!16s%2Fg%2F1tcw4c07!19sChIJqw6iSnhkZIgRDHQ3NTWGDCE?authuser=0&hl=en&rclk=1"
"Schmidle Family Dentistry","4.9","624","Dentist","313A Bluebird Dr, Goodlettsville, TN 37072, United States","https://schmidlefamilydentistry.com/","+1 615-859-1910","https://www.google.com/maps/place/Schmidle+Family+Dentistry/data=!4m7!3m6!1s0x8864437f3fb8ccad:0xfcc0c216e453359a!8m2!3d36.3003202!4d-86.7028406!16s%2Fg%2F11cr_0wgw0!19sChIJrcy4P39DZIgRmjVT5BbCwPw?authuser=0&hl=en&rclk=1"
"Tend East Nashville","4.7","243","Cosmetic dentist","962 Woodland St, Nashville, TN 37206, United States","https://www.hellotend.com/studios/nashville/east-nashville","+1 615-490-9063","https://www.google.com/maps/place/Tend+East+Nashville/data=!4m7!3m6!1s0x886467f562ea3201:0xf280bc4aba976f09!8m2!3d36.1765083!4d-86.7520477!16s%2Fg%2F11t91w3p0y!19sChIJATLqYvVnZIgRCW-Xukq8gPI?authuser=0&hl=en&rclk=1"
"Nolensville Smiles Dentistry","4.6","28","Dentist","197 Burkitt Commons Ave, Nolensville, TN 37135, United States","https://www.nolensvillesmilesdentistry.com/?sc_cid=GBP%3AO%3AGP%3A310%3AOrganic_Search%3AGeneral%3Ana&_vsrefdom=organic_gbp&y_source=1_NDc4NzU3MzEtNzE1LWxvY2F0aW9uLndlYnNpdGU%3D","+1 615-257-5699","https://www.google.com/maps/place/Nolensville+Smiles+Dentistry/data=!4m7!3m6!1s0x886471b1dea531ff:0xb3489c786f04f2b2!8m2!3d35.9909308!4d-86.6825147!16s%2Fg%2F11txnyg6mn!19sChIJ_zGl3rFxZIgRsvIEb3icSLM?authuser=0&hl=en&rclk=1"
"Serenity Dental","4.8","161","Dentist","1030 W Main St, Lebanon, TN 37087, United States","http://www.drlarkins.com/","+1 615-444-3932","https://www.google.com/maps/place/Serenity+Dental/data=!4m7!3m6!1s0x886421e74c632807:0x8125c97cc16d3a3d!8m2!3d36.2113998!4d-86.3163098!16s%2Fg%2F1tdmfm99!19sChIJByhjTOchZIgRPTptwXzJJYE?authuser=0&hl=en&rclk=1"
"Nashville Dentistry Co.","4.9","350","Dentist","211 Franklin Rd Suite 180, Brentwood, TN 37027, United States","https://www.nashvilledentistryco.com/","+1 615-703-8309","https://www.google.com/maps/place/Nashville+Dentistry+Co./data=!4m7!3m6!1s0x88647b24536e55ad:0x239b989d9a838bee!8m2!3d36.0323671!4d-86.7907234!16s%2Fg%2F11dfjx1n5r!19sChIJrVVuUyR7ZIgR7ouDmp2YmyM?authuser=0&hl=en&rclk=1"
"Martin Dental Studio: Thomas Martin, DDS","4.9","142","Dentist","505 Myatt Dr, Nashville, TN 37115, United States","https://www.martindentalstudiotn.com/","+1 615-865-2260","https://www.google.com/maps/place/Martin+Dental+Studio:+Thomas+Martin,+DDS/data=!4m7!3m6!1s0x886443bcdb99d423:0xc8037e276b103a25!8m2!3d36.2793941!4d-86.6904373!16s%2Fg%2F1tdm91g2!19sChIJI9SZ27xDZIgRJToQayd-A8g?authuser=0&hl=en&rclk=1"
"Roach Family Dentistry & Associates","4.6","362","Dentist","3824 Bedford Ave, Nashville, TN 37215, United States","https://www.greenhillsdentist.net/","+1 615-499-5608","https://www.google.com/maps/place/Roach+Family+Dentistry+%26+Associates/data=!4m7!3m6!1s0x88646475c7507285:0x2a00c25961537ddd!8m2!3d36.1074885!4d-86.8205619!16s%2Fg%2F1tj5lx29!19sChIJhXJQx3VkZIgR3X1TYVnCACo?authuser=0&hl=en&rclk=1"
"Daily Dental Belle Meade","4.4","70","Dentist","105 Heady Dr, Nashville, TN 37205, United States","https://www.daily.dental/","+1 615-352-6684","https://www.google.com/maps/place/Daily+Dental+Belle+Meade/data=!4m7!3m6!1s0x8864631caf9c5ec1:0x7ab95d0840ee7f2e!8m2!3d36.0984102!4d-86.8715809!16s%2Fg%2F11gmxb4v76!19sChIJwV6crxxjZIgRLn_uQAhduXo?authuser=0&hl=en&rclk=1"
"Nashville Cosmetic and Implant Dentistry","4.8","198","Dentist","2828 Bransford Ave, Nashville, TN 37204, United States","https://www.bionicteeth.com/","+1 615-297-5577","https://www.google.com/maps/place/Nashville+Cosmetic+and+Implant+Dentistry/data=!4m7!3m6!1s0x886465c0d425c16d:0xc7dcbd2da02b25ae!8m2!3d36.1135441!4d-86.7664332!16s%2Fg%2F1tvm3hhp!19sChIJbcEl1MBlZIgRriUroC293Mc?authuser=0&hl=en&rclk=1"
"Dr. B and Associates Family & Cosmetic Dentistry","5.0","375","Dentist","2531 Park Dr ste b, Nashville, TN 37214, United States","https://drbfamily.com/","+1 615-883-7700","https://www.google.com/maps/place/Dr.+B+and+Associates+Family+%26+Cosmetic+Dentistry/data=!4m7!3m6!1s0x88646975d56eed83:0xa96b08f56ca1ef89!8m2!3d36.1712502!4d-86.6762377!16s%2Fg%2F1v16r0tv!19sChIJg-1u1XVpZIgRie-hbPUIa6k?authuser=0&hl=en&rclk=1"
"Mindy M. Thompson D.D.S.","4.9","361","Dentist","2551 Murfreesboro Pike, Nashville, TN 37217, United States","http://www.drmindythompson.com/","+1 615-367-3509","https://www.google.com/maps/place/Mindy+M.+Thompson+D.D.S./data=!4m7!3m6!1s0x88646dc831cceb23:0x21c6b13af2bb817!8m2!3d36.0766488!4d-86.6409505!16s%2Fg%2F1vg_dlmz!19sChIJI-vMMchtZIgRF7grrxNrHAI?authuser=0&hl=en&rclk=1"
"West End Smiles","4.6","35","Dentist","1800 West End Ave UNIT 102, Nashville, TN 37203, United States","http://www.westendsmiles.com/","+1 615-327-4904","https://www.google.com/maps/place/West+End+Smiles/data=!4m7!3m6!1s0x886466b02efb7ba7:0xa5c7b0eed050fe9b!8m2!3d36.1530439!4d-86.7962921!16s%2Fg%2F1tfrsnm0!19sChIJp3v7LrBmZIgRm_5Q0O6wx6U?authuser=0&hl=en&rclk=1"
"Dental Design Studios LLC","4.9","510","Dentist","145 Thompson Ln, Nashville, TN 37211, United States","http://dentaldesignstudiosllc.com/","+1 615-432-2388","https://www.google.com/maps/place/Dental+Design+Studios+LLC/data=!4m7!3m6!1s0x88646fbf6bb91bcd:0x51479d5b2cf8fc5c!8m2!3d36.109891!4d-86.7377817!16s%2Fg%2F1q5hrm92h!19sChIJzRu5a79vZIgRXPz4LFudR1E?authuser=0&hl=en&rclk=1"
"Stein Dental Care","4.8","244","Dentist","99 White Bridge Rd #204, Nashville, TN 37205, United States","https://www.stein.dental/","+1 615-540-0888","https://www.google.com/maps/place/Stein+Dental+Care/data=!4m7!3m6!1s0x886463d43982d11d:0x8dd17d75804cf17f!8m2!3d36.1316071!4d-86.8581153!16s%2Fg%2F11c46clx83!19sChIJHdGCOdRjZIgRf_FMgHV90Y0?authuser=0&hl=en&rclk=1"
"BiTE Dentistry","4.9","323","Dentist","3212 West End Ave Ste 301, Nashville, TN 37203, United States","https://bitedds.com/","+1 615-297-7440","https://www.google.com/maps/place/BiTE+Dentistry/data=!4m7!3m6!1s0x886466ac0c623eb7:0x17f2fd3912873b9a!8m2!3d36.1415802!4d-86.8180092!16s%2Fg%2F1tctsdkm!19sChIJtz5iDKxmZIgRmjuHEjn98hc?authuser=0&hl=en&rclk=1"
"Davis Dentistry of Lebanon","4.8","110","Dentist","1037 W Main St Suite E, Lebanon, TN 37087, United States","https://mydavisdentistry.com/","+1 615-444-2262","https://www.google.com/maps/place/Davis+Dentistry+of+Lebanon/data=!4m7!3m6!1s0x886421cc68d02197:0xc8e5721dde104f98!8m2!3d36.2136999!4d-86.3176694!16s%2Fg%2F11fpglg1x7!19sChIJlyHQaMwhZIgRmE8Q3h1y5cg?authuser=0&hl=en&rclk=1"
"Carlin Dental","4.9","31","Dentist","100 Springhouse Ct #130, Hendersonville, TN 37075, United States","https://www.carlindental.com/locations/hendersonville-office","+1 615-431-2723","https://www.google.com/maps/place/Carlin+Dental/data=!4m7!3m6!1s0x88644747bc400e43:0x203262ae6a2375d8!8m2!3d36.3141655!4d-86.5988371!16s%2Fg%2F1tf08d4h!19sChIJQw5AvEdHZIgR2HUjaq5iMiA?authuser=0&hl=en&rclk=1"
"Fairview Family Dentistry","4.9","55","Dentist","7022 City Center Way, Fairview, TN 37062, United States","http://www.fairviewfamilydentistrytn.com/","+1 615-266-2645","https://www.google.com/maps/place/Fairview+Family+Dentistry/data=!4m7!3m6!1s0x88649bf6e7e3c6db:0x8ac4cbfee35e8946!8m2!3d35.973994!4d-87.1307905!16s%2Fg%2F11cs4l8v84!19sChIJ28bj5_abZIgRRole4_7LxIo?authuser=0&hl=en&rclk=1"
"Richland Creek Family Dentistry","5.0","161","Dentist","406 Morrow Rd, Nashville, TN 37209, United States","https://www.richlandcreekdentistry.com/","+1 615-383-1444","https://www.google.com/maps/place/Richland+Creek+Family+Dentistry/data=!4m7!3m6!1s0x8864616df7e26f53:0x34b37cc86f870741!8m2!3d36.15211!4d-86.851886!16s%2Fg%2F1tdd5_jc!19sChIJU2_i921hZIgRQQeHb8h8szQ?authuser=0&hl=en&rclk=1"
"Fischer Family Dentistry","4.9","687","Dentist","151 Indian Lake Blvd, Hendersonville, TN 37075, United States","http://www.fischerfamilydentistry.com/","+1 615-824-8870","https://www.google.com/maps/place/Fischer+Family+Dentistry/data=!4m7!3m6!1s0x8864473093f11df5:0x7dde447f50e71ffa!8m2!3d36.311584!4d-86.607231!16s%2Fg%2F1v5_b4x7!19sChIJ9R3xkzBHZIgR-h_nUH9E3n0?authuser=0&hl=en&rclk=1"
"Dentist in Lebanon, TN","","","Dentist","727 W Main St, Lebanon, TN 37087, United States","","+1 855-235-1637","https://www.google.com/maps/place/Dentist+in+Lebanon,+TN/data=!4m7!3m6!1s0x886421d974060441:0xf20e4466dd1ead37!8m2!3d36.2107588!4d-86.3100822!16s%2Fg%2F11hy_y3wcn!19sChIJQQQGdNkhZIgRN60e3WZEDvI?authuser=0&hl=en&rclk=1"
"Cool Springs Laser Dentistry - Dr. Kellye Rice","4.8","310","Dentist","1800 Mallory Ln # A, Brentwood, TN 37027, United States","https://kellyerice.com/","+1 615-763-4234","https://www.google.com/maps/place/Cool+Springs+Laser+Dentistry+-+Dr.+Kellye+Rice/data=!4m7!3m6!1s0x886479567391dce7:0xeb9c8976213cb6d4!8m2!3d35.958616!4d-86.816773!16s%2Fg%2F1w9y1v8t!19sChIJ59yRc1Z5ZIgR1LY8IXaJnOs?authuser=0&hl=en&rclk=1"
"Crossroads Family Dentistry","4.8","403","Dentist","4515 Harding Pike Suite 104, Nashville, TN 37205, United States","http://crossroadsdentistrytn.com/","+1 615-385-2008","https://www.google.com/maps/place/Crossroads+Family+Dentistry/data=!4m7!3m6!1s0x886463c4b6f96539:0xb0e69a66c11f0dc5!8m2!3d36.1237935!4d-86.8481147!16s%2Fg%2F1tfb2qwm!19sChIJOWX5tsRjZIgRxQ0fwWaa5rA?authuser=0&hl=en&rclk=1"
"Franklin Family Dentistry","5.0","144","Dentist","112 Morgantown Rd, Franklin, KY 42134, United States","https://www.jdavidfowlerdmd.com/","+1 270-586-0606","https://www.google.com/maps/place/Franklin+Family+Dentistry/data=!4m7!3m6!1s0x8865c8003e0b0445:0x9d216ce542e321ca!8m2!3d36.7316672!4d-86.5795407!16s%2Fg%2F11fx7wnjcd!19sChIJRQQLPgDIZYgRyiHjQuVsIZ0?authuser=0&hl=en&rclk=1"
"Dentists of Bellevue","4.3","112","Dentist","8131 Sawyer Brown Rd Ste 501, Nashville, TN 37221, United States","https://www.dentistsofbellevue.com/?sc_cid=GBP%3AO%3AGP%3A853%3AOrganic_Search%3AGeneral%3Ana&_vsrefdom=organic_gbp&y_source=1_OTAyOTA2OS03MTUtbG9jYXRpb24ud2Vic2l0ZQ%3D%3D","+1 615-933-1981","https://www.google.com/maps/place/Dentists+of+Bellevue/data=!4m7!3m6!1s0x886488f630b62bef:0xe92fe5edba764692!8m2!3d36.080656!4d-86.9476498!16s%2Fg%2F11f4ldmt6l!19sChIJ7yu2MPaIZIgRkkZ2uu3lL-k?authuser=0&hl=en&rclk=1"
"Porter Dentistry, Chad Porter DDS & Tonia Porter DDS","4.9","529","Dentist","1633 W Main St Suite 200, Lebanon, TN 37087, United States","https://www.porterdentistryllc.com/","+1 615-449-3222","https://www.google.com/maps/place/Porter+Dentistry,+Chad+Porter+DDS+%26+Tonia+Porter+DDS/data=!4m7!3m6!1s0x8864221ced908b7d:0x10bc553cdf6d845b!8m2!3d36.2212524!4d-86.3407796!16s%2Fg%2F1hhx6w5lg!19sChIJfYuQ7RwiZIgRW4Rt3zxVvBA?authuser=0&hl=en&rclk=1"
"Nashville Restorative Dentistry","5.0","241","Dentist","5005 Meridian Blvd #190, Franklin, TN 37067, United States","https://www.nashvillerestorativedentistry.com/","+1 615-640-8494","https://www.google.com/maps/place/Nashville+Restorative+Dentistry/data=!4m7!3m6!1s0x8864795afa08cafd:0x3cfc033406d9f473!8m2!3d35.9502058!4d-86.8099187!16s%2Fg%2F1q5gnb43t!19sChIJ_coI-lp5ZIgRc_TZBjQD_Dw?authuser=0&hl=en&rclk=1"
"Ideal Dental Smyrna","4.8","225","Dentist","574 Sam Ridley Pkwy W, Smyrna, TN 37167, United States","https://www.myidealdental.com/smyrna/","+1 615-488-1151","https://www.google.com/maps/place/Ideal+Dental+Smyrna/data=!4m7!3m6!1s0x88640de652ff8687:0x78ae26ab3d683491!8m2!3d35.980754!4d-86.5601125!16s%2Fg%2F11s87tw8nd!19sChIJh4b_UuYNZIgRkTRoPasmrng?authuser=0&hl=en&rclk=1"
"Family Dentistry Dr. Wendy JangDhari","4.3","22","Dentist","521 E Trinity Ln, Nashville, TN 37207, United States","http://drwendyfamilydentistry.wordpress.com/","+1 615-226-5250","https://www.google.com/maps/place/Family+Dentistry+Dr.+Wendy+JangDhari/data=!4m7!3m6!1s0x886467eef301e47f:0x99d009e0c87bf5de!8m2!3d36.2052665!4d-86.755269!16s%2Fg%2F1wbryj39!19sChIJf-QB8-5nZIgR3vV7yOAJ0Jk?authuser=0&hl=en&rclk=1"
"Brentwood Dental Arts","4.8","233","Dentist","5505 Edmondson Pike # 201, Nashville, TN 37211, United States","http://www.brentwooddentalarts.com/","+1 615-331-0402","https://www.google.com/maps/place/Brentwood+Dental+Arts/data=!4m7!3m6!1s0x88647aab1fe2fc4f:0x6363a592445cfc36!8m2!3d36.043896!4d-86.744793!16s%2Fg%2F1tmbwvtv!19sChIJT_ziH6t6ZIgRNvxcRJKlY2M?authuser=0&hl=en&rclk=1"
"Castle Dental & Orthodontics","4.5","100","Dentist","401 S Mt Juliet Rd #320, Mt. Juliet, TN 37122, United States","https://www.castledental.com/dentist-near-me/mount-juliet-dentist/26160/?utm_source=generic&utm_medium=profiles&utm_campaign=local_profiles","+1 615-762-3807","https://www.google.com/maps/place/Castle+Dental+%26+Orthodontics/data=!4m7!3m6!1s0x88641507fb73fb85:0xc1a958062672d9c7!8m2!3d36.1664158!4d-86.5117983!16s%2Fg%2F11fnrdvprr!19sChIJhftz-wcVZIgRx9lyJgZYqcE?authuser=0&hl=en&rclk=1"
"Fields Family Dentistry","5.0","355","Dentist","617 Hartsville Pike, Gallatin, TN 37066, United States","https://www.smilesbyzach.com/","+1 615-452-9696","https://www.google.com/maps/place/Fields+Family+Dentistry/data=!4m7!3m6!1s0x8864300ee6b7ee07:0x6ce85d304f3fb0f2!8m2!3d36.3904379!4d-86.4316342!16s%2Fg%2F1tgws_k6!19sChIJB-635g4wZIgR8rA_TzBd6Gw?authuser=0&hl=en&rclk=1"
"Glasscock Family Dentistry","4.9","403","Dentist","5409 Maryland Way #210, Brentwood, TN 37027, United States","https://glasscockfamilydentistry.com/","+1 615-371-8009","https://www.google.com/maps/place/Glasscock+Family+Dentistry/data=!4m7!3m6!1s0x88647b5a7484b359:0xd64108ef0cb5871f!8m2!3d36.0362129!4d-86.815628!16s%2Fg%2F1tf6y29j!19sChIJWbOEdFp7ZIgRH4e1DO8IQdY?authuser=0&hl=en&rclk=1"
"Paramount Family Dentistry","5.0","16","Dentist","112 Saundersville Rd Suite 226B, Hendersonville, TN 37075, United States","http://www.paramountfamilydentistry.com/","+1 615-447-3672","https://www.google.com/maps/place/Paramount+Family+Dentistry/data=!4m7!3m6!1s0x88644768f022a4c1:0x8f1a973cc964cd4f!8m2!3d36.3255353!4d-86.5947904!16s%2Fg%2F11b6gqrrt_!19sChIJwaQi8GhHZIgRT81kyTyXGo8?authuser=0&hl=en&rclk=1"
"Nashville Dentist Dr. Terry L. Spurlin, DDS","5.0","10","Dentist","808 Kirkwood Ave, Nashville, TN 37204, United States","https://www.musiccitydental.com/","+1 615-953-2469","https://www.google.com/maps/place/Nashville+Dentist+Dr.+Terry+L.+Spurlin,+DDS/data=!4m7!3m6!1s0x88646976ff2a159b:0x7a996f25b5037139!8m2!3d36.1215336!4d-86.7765699!16s%2Fg%2F1tlqqqq6!19sChIJmxUq_3ZpZIgROXEDtSVvmXo?authuser=0&hl=en&rclk=1"
"Dr. Elijah Brown Family & Implant Dentistry","4.9","843","Dentist","1097 Weston Dr, Mt. Juliet, TN 37122, United States","https://drelijahbrown.com/","+1 615-758-7745","https://www.google.com/maps/place/Dr.+Elijah+Brown+Family+%26+Implant+Dentistry/data=!4m7!3m6!1s0x886415c37a1f5005:0xa8a04ec6db20352!8m2!3d36.1858767!4d-86.5120108!16s%2Fg%2F1tjh02xc!19sChIJBVAfesMVZIgRUgOybewEigo?authuser=0&hl=en&rclk=1"
"The Hills Dentistry Nashville","5.0","324","Dentist","4219 Hillsboro Pike #100, Nashville, TN 37215, United States","https://thehillsdentistry.com/","+1 615-383-4494","https://www.google.com/maps/place/The+Hills+Dentistry+Nashville/data=!4m7!3m6!1s0x8864650e65d87f69:0xbb6a63a2841e58d7!8m2!3d36.1004343!4d-86.8200089!16s%2Fg%2F11f66hggkf!19sChIJaX_YZQ5lZIgR11gehKJjars?authuser=0&hl=en&rclk=1"
"Lifetime Dentistry","4.8","181","Dentist","8134 Sawyer Brown Rd, Nashville, TN 37221, United States","https://www.lifetimedentistrytn.com/","+1 615-622-7062","https://www.google.com/maps/place/Lifetime+Dentistry/data=!4m7!3m6!1s0x886488ee2648d6e5:0xce593dbc2ff38d79!8m2!3d36.0792895!4d-86.9442369!16s%2Fg%2F1td05sz6!19sChIJ5dZIJu6IZIgReY3zL7w9Wc4?authuser=0&hl=en&rclk=1"
"Smile Solutions of Lebanon","4.9","304","Dentist","335 S Hartmann Dr, Lebanon, TN 37087, United States","https://www.smilelebanon.com/","+1 615-453-9937","https://www.google.com/maps/place/Smile+Solutions+of+Lebanon/data=!4m7!3m6!1s0x88641f8cc801b3cd:0x468007fb98a9909b!8m2!3d36.2031326!4d-86.3263015!16s%2Fg%2F119vq7lds!19sChIJzbMByIwfZIgRm5CpmPsHgEY?authuser=0&hl=en&rclk=1"
"Howard Dentistry - Hendersonville Family Dentist","4.7","36","Dentist","125 Saundersville Rd Ste 112, Hendersonville, TN 37075, United States","http://www.howarddentistry.com/","+1 615-826-5533","https://www.google.com/maps/place/Howard+Dentistry+-+Hendersonville+Family+Dentist/data=!4m7!3m6!1s0x88644718c55621e7:0x3b0d6b7e956c1c65!8m2!3d36.3270597!4d-86.5879837!16s%2Fg%2F1tg6qvqh!19sChIJ5yFWxRhHZIgRZRxslX5rDTs?authuser=0&hl=en&rclk=1"
"Denton Dental Solutions","5.0","1,021","Dentist","11211 Lebanon Rd, Mt. Juliet, TN 37122, United States","https://www.dentondentalsolutions.com/","+1 615-754-0853","https://www.google.com/maps/place/Denton+Dental+Solutions/data=!4m7!3m6!1s0x88643e149f9bde73:0x4ef78653abd64f11!8m2!3d36.2327792!4d-86.5149461!16s%2Fg%2F1tff_76h!19sChIJc96bnxQ-ZIgREU_Wq1OG904?authuser=0&hl=en&rclk=1"
"Wood Christopher DDS","5.0","9","Dentist","1502 17th Ave S, Nashville, TN 37212, United States","https://musicrowdentistry.com/","+1 615-463-7864","https://www.google.com/maps/place/Wood+Christopher+DDS/data=!4m7!3m6!1s0x8864669b842fed9d:0x2fb02ee79492ab0c!8m2!3d36.1393262!4d-86.7949452!16s%2Fg%2F1tgnsd65!19sChIJne0vhJtmZIgRDKuSlOcusC8?authuser=0&hl=en&rclk=1"
"Oak Hill Family Dentistry PLLC","5.0","8","Dentist","5544 Franklin Pike STE 102, Nashville, TN 37220, United States","http://www.ohfdentistry.com/","+1 615-373-0642","https://www.google.com/maps/place/Oak+Hill+Family+Dentistry+PLLC/data=!4m7!3m6!1s0x88647b2a14b2a08f:0x9b67604ea7f44215!8m2!3d36.0422571!4d-86.7828327!16s%2Fg%2F11cmhdmqjh!19sChIJj6CyFCp7ZIgRFUL0p05gZ5s?authuser=0&hl=en&rclk=1"
"Main Street Dental","5.0","290","Dentist","100 Main St Suite 105, Portland, TN 37148, United States","http://www.mainstreetdentaltn.com/","+1 615-325-9690","https://www.google.com/maps/place/Main+Street+Dental/data=!4m7!3m6!1s0x8865cb6a0c06aa7b:0x4121ed2dbebf1717!8m2!3d36.580594!4d-86.5157861!16s%2Fg%2F1tt1tf2w!19sChIJe6oGDGrLZYgRFxe_vi3tIUE?authuser=0&hl=en&rclk=1"
"Towe Dentistry & Aesthetic Center, PLLC","5.0","115","Dentist","120 Memorial Dr, Franklin, KY 42134, United States","https://www.drtowe.com/","+1 270-586-8788","https://www.google.com/maps/place/Towe+Dentistry+%26+Aesthetic+Center,+PLLC/data=!4m7!3m6!1s0x8865c82f7f5f7627:0xded60e72801db914!8m2!3d36.7003273!4d-86.574342!16s%2Fg%2F1tj80q8t!19sChIJJ3Zffy_IZYgRFLkdgHIO1t4?authuser=0&hl=en&rclk=1"
"Ideal Dental Gallatin","4.8","264","Dentist","207 Maharris Dr Ste G, Gallatin, TN 37066, United States","https://www.myidealdental.com/gallatin/","+1 615-442-6992","https://www.google.com/maps/place/Ideal+Dental+Gallatin/data=!4m7!3m6!1s0x88643b4659dce5a7:0x49fa5c03d1c15b27!8m2!3d36.3646633!4d-86.444304!16s%2Fg%2F11swzjx_xq!19sChIJp-XcWUY7ZIgRJ1vB0QNc-kk?authuser=0&hl=en&rclk=1"
"Sullivan Family Dentistry","5.0","268","Dentist","2000 Richard Jones Rd # 107, Nashville, TN 37215, United States","https://www.sullivanfamilydentists.com/","+1 615-298-1651","https://www.google.com/maps/place/Sullivan+Family+Dentistry/data=!4m7!3m6!1s0x8864646e59ac36ef:0xdf9a29f8e5f72fee!8m2!3d36.1048926!4d-86.8096533!16s%2Fg%2F11dfj6l54f!19sChIJ7zasWW5kZIgR7i_35fgpmt8?authuser=0&hl=en&rclk=1"
"David Wickness, DMD","5.0","567","Cosmetic dentist","105 Kenner Ave, Nashville, TN 37205, United States","https://www.davidwicknessdmd.com/?utm_campaign=gmb","+1 615-297-5090","https://www.google.com/maps/place/David+Wickness,+DMD/data=!4m7!3m6!1s0x880cd0dbd6df13e1:0xb6d7dfb9ed730ec2!8m2!3d36.1246243!4d-86.8458417!16s%2Fg%2F1vg4kcp_!19sChIJ4RPf1tvQDIgRwg5z7bnf17Y?authuser=0&hl=en&rclk=1"
"Aspen Dental - Nashville, TN - West","4.0","507","Dentist","6702 Charlotte Pike #106, Nashville, TN 37209, United States","https://www.aspendental.com/dentist/tn/nashville/6702-charlotte-pike-ste-106/?utm_source=googleplaces&utm_medium=lociqgoogleplaces&utm_campaign=Nashville,TN-West-NashWst_TN-2088&utm_content=listing","+1 615-354-8800","https://www.google.com/maps/place/Aspen+Dental+-+Nashville,+TN+-+West/data=!4m7!3m6!1s0x886461f59b2dd753:0xc7907331e25a579a!8m2!3d36.1368987!4d-86.8853029!16s%2Fg%2F11b620btc8!19sChIJU9ctm_VhZIgRmlda4jFzkMc?authuser=0&hl=en&rclk=1"
"Acacia Dental Group","4.2","20","Dentist","102 Wessington Pl Suite B, Hendersonville, TN 37075, United States","","+1 615-590-8999","https://www.google.com/maps/place/Acacia+Dental+Group/data=!4m7!3m6!1s0x886446df146dd9bf:0x317403e9530d460f!8m2!3d36.320189!4d-86.6223625!16s%2Fg%2F11fxzn94ny!19sChIJv9ltFN9GZIgRD0YNU-kDdDE?authuser=0&hl=en&rclk=1"
"All Care Dentistry","3.9","12","Dentist","407 Brewer Dr, Nashville, TN 37211, United States","","+1 615-385-9744","https://www.google.com/maps/place/All+Care+Dentistry/data=!4m7!3m6!1s0x886465d2aa3a14d9:0xde142e4668a2d268!8m2!3d36.0530422!4d-86.7161521!16s%2Fg%2F1tn4yx6q!19sChIJ2RQ6qtJlZIgRaNKiaEYuFN4?authuser=0&hl=en&rclk=1"
"Kendrick Dental Group","5.0","26","Dentist","5518 Old Hickory Blvd, Hermitage, TN 37076, United States","https://kendrickdentalgroup.com/","+1 615-889-7363","https://www.google.com/maps/place/Kendrick+Dental+Group/data=!4m7!3m6!1s0x88646ae6bdbcfc75:0xad05b6ea9468c76!8m2!3d36.1829082!4d-86.6061558!16s%2Fg%2F1wf39bmy!19sChIJdfy8veZqZIgRdoxGqW5b0Ao?authuser=0&hl=en&rclk=1"
"Bush Dentistry","4.9","143","Dentist","911 Meadowlark Ln, Goodlettsville, TN 37072, United States","http://www.jameslbushdds.com/","+1 615-851-6800","https://www.google.com/maps/place/Bush+Dentistry/data=!4m7!3m6!1s0x88644378e076d861:0xe68a8d9395e7ded2!8m2!3d36.2977619!4d-86.7038281!16s%2Fg%2F1tw1fklg!19sChIJYdh24HhDZIgR0t7nlZONiuY?authuser=0&hl=en&rclk=1"
"Horizon Dental Partners","5.0","810","Dentist","614 Old TN-76, White House, TN 37188, United States","http://www.horizondentalpartners.com/","+1 615-672-9309","https://www.google.com/maps/place/Horizon+Dental+Partners/data=!4m7!3m6!1s0x88644ea592d297d9:0x317a03b1a410de10!8m2!3d36.4700851!4d-86.6719894!16s%2Fg%2F1td0bp19!19sChIJ2ZfSkqVOZIgREN4QpLEDejE?authuser=0&hl=en&rclk=1"
"Connor Family Dentistry","5.0","216","Dentist","131 Maple Row Blvd suite d-402, Hendersonville, TN 37075, United States","https://www.connorfamilydentistry.com/","+1 615-590-9531","https://www.google.com/maps/place/Connor+Family+Dentistry/data=!4m7!3m6!1s0x88644749fbd48135:0xd4022b135163f3ef!8m2!3d36.305439!4d-86.600595!16s%2Fg%2F11cm07dsr6!19sChIJNYHU-0lHZIgR7_NjURMrAtQ?authuser=0&hl=en&rclk=1"
"Foster Robert D DDS","5.0","3","Dentist","2145 Belcourt Ave, Nashville, TN 37212, United States","","+1 615-297-9115","https://www.google.com/maps/place/Foster+Robert+D+DDS/data=!4m7!3m6!1s0x886466a1073bf59d:0x10ce48d830ea35d!8m2!3d36.1367294!4d-86.8047014!16s%2Fg%2F1tdqj6dj!19sChIJnfU7B6FmZIgRXaMOg43kDAE?authuser=0&hl=en&rclk=1"
"Dentist in Hermitage","5.0","1","Dentist","3441 Lebanon Pike, Hermitage, TN 37076, United States","","+1 615-883-4600","https://www.google.com/maps/place/Dentist+in+Hermitage/data=!4m7!3m6!1s0x88646a5eae6a6119:0x2177e13f59d36888!8m2!3d36.188982!4d-86.6252947!16s%2Fg%2F11h5q8cqvd!19sChIJGWFqrl5qZIgRiGjTWT_hdyE?authuser=0&hl=en&rclk=1"
"Artistic Dentistry","","","Dentist","296 White Bridge Pike, Nashville, TN 37209, United States","","+1 615-352-9595","https://www.google.com/maps/place/Artistic+Dentistry/data=!4m7!3m6!1s0x88646179f322fd09:0x87e6358c3653ae11!8m2!3d36.1447788!4d-86.8576315!16s%2Fg%2F1tgfqv_8!19sChIJCf0i83lhZIgREa5TNow15oc?authuser=0&hl=en&rclk=1"
"A Harris Dental","2.9","29","Dentist","809 Hamilton Church Rd, Antioch, TN 37013, United States","http://www.theantiochdentist.com/","+1 615-942-6898","https://www.google.com/maps/place/A+Harris+Dental/data=!4m7!3m6!1s0x88646da2a4f8e267:0x9671e5220498b1ca!8m2!3d36.0648897!4d-86.630198!16s%2Fg%2F1ttpc0vs!19sChIJZ-L4pKJtZIgRyrGYBCLlcZY?authuser=0&hl=en&rclk=1"
"Aspen Dental - Smyrna, TN","3.8","630","Dentist","440 Sam Ridley Pkwy W Ste 140, Smyrna, TN 37167, United States","https://www.aspendental.com/dentist/tn/smyrna/440-sam-ridley-pkwy-w-ste-140/?utm_source=googleplaces&utm_medium=lociqgoogleplaces&utm_campaign=Smyrna,TN-Smyrna_TN-1447&utm_content=listing","+1 615-768-3242","https://www.google.com/maps/place/Aspen+Dental+-+Smyrna,+TN/data=!4m7!3m6!1s0x88640c3869df853b:0x1f72bc402efd4cac!8m2!3d35.985704!4d-86.552068!16s%2Fg%2F1tdh959s!19sChIJO4XfaTgMZIgRrEz9LkC8ch8?authuser=0&hl=en&rclk=1"
"Troy Long, DDS General & Aesthetic Dentistry","5.0","41","Dentist","212 N Castle Heights Ave A, Lebanon, TN 37087, United States","http://www.drtroylong.com/","+1 615-444-2782","https://www.google.com/maps/place/Troy+Long,+DDS+General+%26+Aesthetic+Dentistry/data=!4m7!3m6!1s0x8864202af3cc0585:0x55b036564a53196c!8m2!3d36.2143795!4d-86.3052896!16s%2Fg%2F1tf7yg5_!19sChIJhQXM8yogZIgRbBlTSlY2sFU?authuser=0&hl=en&rclk=1"
"Clayton Dental Group","4.9","1,059","Dental clinic","130 Donelson Pike, Nashville, TN 37214, United States","https://cdgnashville.com/","+1 615-889-7111","https://www.google.com/maps/place/Clayton+Dental+Group/data=!4m7!3m6!1s0x8864697ce5435c27:0x8bc161a8bedc0a17!8m2!3d36.1644209!4d-86.6642048!16s%2Fg%2F1td59blr!19sChIJJ1xD5XxpZIgRFwrcvqhhwYs?authuser=0&hl=en&rclk=1"
"Pryor Family Dentistry","4.9","445","Dentist","201 Signature Pl, Lebanon, TN 37087, United States","https://www.pryorfamilydentistry.com/","+1 615-444-7999","https://www.google.com/maps/place/Pryor+Family+Dentistry/data=!4m7!3m6!1s0x886421f99d72d371:0xebbefb115f9fc4e6!8m2!3d36.2153082!4d-86.3334948!16s%2Fg%2F1wfvnct1!19sChIJcdNynfkhZIgR5sSfXxH7vus?authuser=0&hl=en&rclk=1"
"Drs. John Martin & Catie Wall","5.0","7","Dentist","2020 Caldwell Dr STE 3, Goodlettsville, TN 37072, United States","","+1 615-851-9999","https://www.google.com/maps/place/Drs.+John+Martin+%26+Catie+Wall/data=!4m7!3m6!1s0x886444697797162f:0x9ee511a7bcafd85c!8m2!3d36.3306484!4d-86.6991284!16s%2Fg%2F1tgq7cxq!19sChIJLxaXd2lEZIgRXNivvKcR5Z4?authuser=0&hl=en&rclk=1"
"Highland Family Dental: Rachel Carlson, DMD","4.9","436","Dentist","2516 TN-49 Ste. 101, Pleasant View, TN 37146, United States","https://highlanddentaltn.com/","+1 615-649-4155","https://www.google.com/maps/place/Highland+Family+Dental:+Rachel+Carlson,+DMD/data=!4m7!3m6!1s0x8864f14a4e938191:0x73817a9ebf7f11cc!8m2!3d36.394883!4d-87.0353075!16s%2Fg%2F11lky6b34c!19sChIJkYGTTkrxZIgRzBF_v556gXM?authuser=0&hl=en&rclk=1"
"Bluegrass Dentistry","4.2","30","Dentist","623 E Main St #1, Hendersonville, TN 37075, United States","https://bluegrassdentistry.net/","+1 615-822-3115","https://www.google.com/maps/place/Bluegrass+Dentistry/data=!4m7!3m6!1s0x88643897e7fad7e9:0x9a4baef1ab4016ee!8m2!3d36.323121!4d-86.5691693!16s%2Fg%2F1th5d940!19sChIJ6df655c4ZIgR7hZAq_GuS5o?authuser=0&hl=en&rclk=1"
"Davis - Dudley Family Dentistry P.C.","4.5","11","Dentist","3915 Clarksville Pike B, Nashville, TN 37218, United States","","+1 615-299-8700","https://www.google.com/maps/place/Davis+-+Dudley+Family+Dentistry+P.C./data=!4m7!3m6!1s0x886460bd21a7c1f1:0xe1ebc3d76f1330a1!8m2!3d36.2094157!4d-86.8399229!16s%2Fg%2F1wzt330j!19sChIJ8cGnIb1gZIgRoTATb9fD6-E?authuser=0&hl=en&rclk=1"
"C. Sue VanBlaricum, DDS PC; Lafayette Family Dentistry","3.9","47","Dentist","412 College St, Lafayette, TN 37083, United States","http://www.lafayettefamilydentistry.com/","+1 615-666-6155","https://www.google.com/maps/place/C.+Sue+VanBlaricum,+DDS+PC;+Lafayette+Family+Dentistry/data=!4m7!3m6!1s0x8866899517207fd5:0x4bd758aa27d5bdef!8m2!3d36.520043!4d-86.030856!16s%2Fg%2F1td20_hd!19sChIJ1X8gF5WJZogR773VJ6pY10s?authuser=0&hl=en&rclk=1"
"Warise Family Dentistry","3.9","31","Dentist","100 Mayfield Dr, Smyrna, TN 37167, United States","http://www.tosmilewithstyle.com/","+1 615-459-3366","https://www.google.com/maps/place/Warise+Family+Dentistry/data=!4m7!3m6!1s0x88640c3c94b56c77:0x8bb084664868fe70!8m2!3d35.9776554!4d-86.5112682!16s%2Fg%2F1td1kqpm!19sChIJd2y1lDwMZIgRcP5oSGaEsIs?authuser=0&hl=en&rclk=1"
"Dentist","5.0","2","Dentist","TN-76, White House, TN 37188, United States","","","https://www.google.com/maps/place/Dentist/data=!4m7!3m6!1s0x88644ea46a162f97:0x44af34deda1d847f!8m2!3d36.4697722!4d-86.6750353!16s%2Fg%2F11h7fy48kt!19sChIJly8WaqROZIgRf4Qd2t40r0Q?authuser=0&hl=en&rclk=1"
"Kelly Family Dentistry PLLC","4.9","15","Dentist","201 Pleasant Valley Rd, Franklin, KY 42134, United States","http://www.drkellydentistry.com/","+1 270-776-9245","https://www.google.com/maps/place/Kelly+Family+Dentistry+PLLC/data=!4m7!3m6!1s0x8865c828d334f319:0xc58441ad5e5991db!8m2!3d36.6980235!4d-86.5747906!16s%2Fg%2F1tdk5xxc!19sChIJGfM00yjIZYgR25FZXq1BhMU?authuser=0&hl=en&rclk=1"
"Restoration Dentistry","4.9","54","Prosthodontist","1984 Providence Pkwy #200, Mt. Juliet, TN 37122, United States","https://www.restoremtjuliet.com/","+1 615-257-7723","https://www.google.com/maps/place/Restoration+Dentistry/data=!4m7!3m6!1s0x88641534a2433953:0x47a8e3c8dcb7e58b!8m2!3d36.1638174!4d-86.5169401!16s%2Fg%2F11h5qd8m7r!19sChIJUzlDojQVZIgRi-W33MjjqEc?authuser=0&hl=en&rclk=1"